project_ID,project_name,category,state,backers,country,usd_pledged_amt,usd_goal_amt
1010440168,"Powerful, Simple, Elegant Jewelry for unique individuals",Fashion,canceled,1,AU,0.72,5737.23
1010441842,"Se Parte De Una Nueva HazaÃ±a + Recibe algo Cool y Exclusivo! (video w/subtitles)",Music,successful,76,US,5237.88,4300
1010450782,"Dino Run 2",Games,failed,1794,US,83476.21,175000
1010455121,"The Pizza Grate",Food,failed,33,US,2914,5000
101045682,"Evelyn's Bakery",Food,failed,18,US,775,20000
1010458159,"RapidDisk (rxdsk): An Advanced Linux RAM Disk Module",Technology,failed,7,US,136,2500
1010470904,"Skeleton Warriors Glyos Compatible Action Figures",Design,successful,878,US,50140.01,45000
1010485287,"Driven By Hope: A true story of defying all odds",Publishing,successful,167,US,30230,30000
1010490795,Exodus,Games,failed,5,US,10038,65000
1010493504,"Dole: A Documentary","Film & Video",successful,136,US,16159,16000
1010499354,"Booze Books Chapter 2:  Sherlock Holmes & Edgar Allan Poe",Design,successful,338,US,16397,7500
1010516592,"A Â£13 Poem",Publishing,successful,17,GB,192.95,19.99
1010520966,"Zsa Zsa Slipper, Shoe combination",Fashion,failed,4,US,2860,20000
1010522754,"Help fund theater education programs with The Primo Academy!",Theater,failed,3,US,40,1000
101052958,"Shelter Arcade Bar",Food,successful,147,US,25264,25000
1010533974,"Studio and Equipment Funding","Film & Video",failed,2,US,20,50000
1010534216,"Help MyVanityFashion Online Jewelry Business Grow",Fashion,failed,0,US,0,1500
1010535635,"NODE Chroma, a wireless color scanner for iOS and computers",Technology,successful,273,US,39473.14,15000
1010543801,"The NEXT LEVEL",Design,failed,20,US,1573,49550
1010554396,"Life Size Pokemon!",Art,failed,9,US,150,650
1010555504,"E.G. Romero Project || Just the beginning",Music,successful,40,US,3546,2800
1010557781,""A World of Art" Children's Book",Publishing,successful,18,US,725,500
1010574576,"Rat Bastard (The Movie)","Film & Video",failed,0,US,0,3000
1010578706,""VICIOUS" A Kwanza Jones Fan Video Directed By A 15 Year Old","Film & Video",successful,13,US,525,500
1010584633,""A Fresh Start"","Film & Video",successful,24,US,3000,3000
1010591158,"Oil & Water - A Documentary Film","Film & Video",successful,43,US,9661,5000
1010592822,"Mike Giacolino's Solo Album Kickstarter!",Music,successful,51,US,2580,2000
101059690,"Wife & Son's debut album "This, That and The Other"",Music,successful,32,US,1601.11,1500
1010598232,"FACTOR 9 : How could this happen?",Theater,failed,147,GB,20658.63,41828.4
1010599206,"Skhy Zye - What Virtual Visit Truly Means",Technology,failed,1,US,1,50000
1010602030,"Parecomic - a documentary graphic novel",Comics,successful,143,US,8600,8000
1010602115,"Port Terror - The future of mobile gaming is in your hands",Games,failed,3,US,52,70000
1010603558,"RÃ¥varene â€“ Your Zero Waste Grocery Store",Food,successful,330,NO,28121.59,25661.39
1010608289,"Bike Sunglass Holding Device",Design,failed,15,US,660,10000
1010625322,"Free Markets: Freedom Without Oppurtunity",Journalism,failed,1,AU,3.67,1466.28
1010631065,"The Vision : Not Just a 3D Printer... A DREAM",Technology,successful,81,US,65346,25000
1010635539,"ABV - A Beer Voyage",Food,successful,77,US,5312,5000
1010636969,"Confessions of a Mexpatriate: Chicago",Theater,successful,59,US,2465,2400
1010641633,"The Seder   movie  a Jewish Gay Coming-out story","Film & Video",failed,8,US,281,5000
1010643909,"LinkUP! App for Business Professionals to meet",Technology,failed,0,AU,0,36935.81
1010649633,"Future Phenomena | Amanda Browder",Art,successful,25,US,1064,800
1010652075,"Project Bloom: Handcrafted Wood Case for your Smartphone",Fashion,failed,88,CA,2622.09,9820.55
101065733,"Good vs Evil",Publishing,failed,0,CA,0,27462.47
1010661105,"4-stage installation free Reverse Osmosis water purifier",Technology,canceled,32,DE,11175.9,44856.12
1010666081,Discontinued,Music,failed,2,US,21,18000
1010673178,"Harry Potter Scarves - Homemade Knitted",Crafts,failed,5,IE,275.83,530.45
1010675304,"People You Think You Know - an intimate look at U.S. / Iran relations","Film & Video",successful,45,US,5281,5250
1010682385,"Share Lessons in OUR GEORGIA SCHOOL A WILDLIFE HABITAT",Publishing,failed,2,US,52,3000
1010684429,"The Freeport Theater of Awesome Wants to Make Some Noise!",Theater,failed,12,US,680,6000
10106921,Earlids,"Film & Video",successful,26,US,1700,1300
101069222,"Seize the day",Photography,failed,5,US,201,5000
1010692829,"Bringing OUTSPOKKEN Clothing from my garage to the runway!",Fashion,failed,5,US,700,18000
1010693188,"Alex and More",Games,failed,2,ES,6.77,5639.52
1010694326,Surrender,Music,undefined,0,"N,0"",4101.82,3946.33
1010695113,""Follow My Dream" The story of Dorian Harrington","Film & Video",failed,1,US,1,100000
1010696622,"The "Sparks" Project (Canceled)",Art,canceled,1,US,50,72000
1010696846,"ERIK KYLE and the BEADS",Music,failed,1,US,50,30000
1010701682,"XPLUS Watches: Second Release",Design,successful,114,AU,11970.37,7087.67
1010707026,"New J Silly Album "T.B.D." (Canceled)",Music,canceled,0,US,0,1625
1010707519,"7 art shows by 7 emerging curators",Art,successful,114,US,21441,21000
1010725357,"My first CD gained worldwide recognition.  I'm excited about recording my next one!!!",Music,failed,5,US,200,4000
1010734087,"Nerdy Vegan Cookbook",Food,failed,1,US,1,13000
1010740281,"How is your word game? Can you write to create? Spit magic?",Games,failed,1,US,515,426476
1010750239,"Conflict Genesis",Games,failed,5,US,105,15000
1010755947,"St Matthew Passion",Music,failed,4,GB,68.09,7401.6
1010757215,"Dingbats* Notebooks",Design,failed,15,GB,316.21,19763.37
1010758977,"Medieval & Renaissance Luxury Cat and Dog collars",Design,successful,9,GB,257.28,85.19
101076483,"90th Anniversary watch, automatic-made in Spain - Priceless",Design,successful,100,ES,37169.37,11641.99
1010766398,"History of Punk Rock in Amarillo CIRCA 1986","Film & Video",successful,10,US,1480,200
1010774236,descubriendo.me,Journalism,failed,0,ES,0,111553.07
1010777129,"ANTHROPIA : New album based on Cthulhu Mythos",Music,successful,210,US,4608,2000
1010778576,"Help Reissue The 77s "Pray Naked" On CD & Vinyl",Music,successful,545,US,30586,17000
1010782860,"Memri - An intuitive App designed with couples in mind",Technology,failed,0,US,0,4000
1010798987,"Baseball Training Bat - Balance Bat",Design,failed,3,US,241,2000
1010800390,"Pitch in for the 17 ft tall world record QubitsÂ® tower.",Technology,failed,8,US,896,2500
101080059,"The Wars of Other Men: Film Fest & Con Promo Blitz","Film & Video",successful,101,US,6523,3000
1010803299,"Dixie: A Historical Rockumentary","Film & Video",failed,5,US,220,6000
1010814650,"Atticus Drake: A World War Two Story",Comics,successful,43,CA,1215.38,880.42
1010820426,"Rise of Cthulhu - Second Print Run",Games,successful,509,US,14939,2000
1010822477,"Finding Petronella",Publishing,successful,242,US,14051.11,12000
101082624,"Plug-n-Play 3D printing attachment for CNC Mills",Technology,failed,12,US,2676,36500
1010838745,"Breaking Mythos",Art,failed,8,US,417,3000
1010871699,"The Beginners Guide to being Unsuicidal; the one act",Theater,failed,10,US,525,5000
1010876444,"Ransomware immunizer",Technology,failed,7,IT,829.51,11430.31
1010880803,""The Colorful Word" -- a scripture coloring book and journal",Publishing,successful,135,US,4603,3600
101088356,"Fund my Sweet Potato Donut Stand in Vernonia Oregon",Food,successful,14,US,515,400
1010885456,"Crafting our community",Crafts,failed,0,US,0,16000
1010891738,"Doko Roko",Games,successful,1987,US,42469,30000
1010901660,"Fish Finder","Film & Video",failed,12,US,1535,30000
1010907733,"Sleeper and the Sleepless new album!",Music,successful,79,US,3197,3000
1010914895,""Eviva il Coltello!"","Film & Video",failed,9,US,215,1500
1010917350,"The Singers Elite Vocal Big Band Inaugural Concert",Music,failed,11,US,680,27000
1010918879,"Democracy for toddlers",Publishing,successful,121,GB,3549.97,3240.18
1010925782,"Venexiana Dark playing cards",Games,successful,678,US,35317,17000
1010940637,"The Soul Of Something",Publishing,failed,0,US,0,2000
1010942317,"Hollywood Shakedown",Journalism,failed,0,US,0,3000
101095143,"Amanda Palmer Presents: Tristan Allen's Debut EP (Recording/Release)",Music,successful,437,US,8581.24,3300
1010953592,"Wild Italy",Publishing,failed,4,GB,131.34,32835.33
101096588,"Estoy aqui","Film & Video",successful,17,MX,465.56,443.34
10109773,"Sword 'N' Board - Now coming to Wii U!",Games,successful,188,US,8585.82,7500
1010977620,"Custer's Last Waistband",Art,successful,127,US,6060.01,5700
1010999300,"Untethered VR Center. Stage 1.",Games,failed,3,CA,45.82,1768.35
1011015466,"Zodiac Noize",Music,failed,3,US,22,10000
101102048,Hatstand,Dance,failed,13,GB,563.28,797.84
101102517,"The Assumer: A Psychological Thriller For The Next-Gen!",Comics,canceled,1,GB,38.95,38945.66
1011026447,AccelerRaiser,Technology,failed,0,US,0,50000
1011027346,"Pete Wilde "Smile" Music Video",Music,failed,14,US,450,1000
1011028494,"Music Video "Eyes Of An Angel" By Brendan Hopkins",Music,successful,8,US,1500,1500
1011034244,"Caribbean Permaculture Research Institute of Barbados",Food,failed,113,CA,19374.05,44710.72
1011036773,"The PIMA PROJECT / A,OG "The Brand"",Fashion,failed,1,US,25,18000
1011048722,"WITH OR WITHOUT'EM","Film & Video",failed,1,US,10,5000
1011057841,"Photography Book - Olympic National Park",Photography,failed,2,US,200,15000
1011059850,"'Subways & Beignets' - The New Album by Sammy Crawford",Music,successful,21,US,1128,1000
1011065149,"Bring The Collection to Life!",Art,failed,1,US,50,3500
1011066640,"FotoOps Creative Photographer and Videographer Platform",Photography,failed,12,US,1074,43000
101107140,"The Classic-Tied Bow Tie",Fashion,successful,89,US,5530,5000
1011073287,"ACTION! Master Class with Nicholas Ray","Film & Video",failed,101,US,12562,35000
1011076186,"1128 Production House",Music,failed,4,US,1040,55000
1011077112,"Film to Fund","Film & Video",failed,0,NZ,0,4319.8
1011078798,"Share the food truck love and get A Moveable Feast moving!",Food,successful,52,US,7052.38,5000
1011079021,"Ed-U-Cards "Games to Grow Up With" w/ Letterpress Editions",Games,canceled,11,US,297,30000
1011080329,Bubbly,Comics,successful,200,US,3030,2500
1011085028,"Hand Free Baby Bottle Holder! Feed your baby with one hand!",Design,failed,1,US,45,115000
1011085702,"London: Travels of a Gen Y Alien",Comics,failed,1,GB,7.55,4532.54
1011091402,"Love Beyond the Musical - National Tour",Theater,failed,123,GB,47515.63,620703.57
101109496,"Shonen Boys Enamel Pins!",Design,successful,45,US,1852,650
1011116615,"Heart of the Beast","Film & Video",successful,74,US,4086.01,4000
1011121722,"Just About Famous","Film & Video",successful,25,US,1600,1500
1011122747,"To Tell the Truthâ€”I want to make 20 new collages this year",Art,successful,25,US,1500,1500
1011126082,"Outdoor Apparel",Design,failed,6,US,1172.75,2500
1011131069,bookwormz.co.uk,Technology,failed,12,GB,4017.68,75691.06
1011132760,"Big Blue Life - PW Gopal's New Music Project",Music,successful,280,US,27620,25000
1011142474,"The Rabbit Gallery",Art,successful,40,US,836.33,500
1011147686,"2012 Village Reclamation Festival",Art,successful,27,US,1225,1200
1011166533,"The Sixth Chaos",Games,failed,21,US,261,10000
1011167515,"All Divine Colors: Female Deities in Practice and Life",Art,successful,45,US,1930,1500
1011168465,"infunet: fun in a net",Games,failed,10,US,372,10000
1011170380,"Nintendo Switch Replacement Shell - Atomic Purple",Games,successful,99,CA,3108.68,1750.84
1011172958,"Ringing Rocks Brewery Co",Food,failed,10,US,245,15000
1011174550,"WHERE IS THE WORLD",Photography,failed,7,GB,2433.43,7854.84
1011189410,"Feature Horror Film "Wish"","Film & Video",failed,9,US,91,50000
1011197154,"House of Royalty alcohol on demand delivery app.",Technology,failed,3,US,100,12000
1011198069,Eutheria,Publishing,failed,0,US,0,1500
1011198274,"HAMMER HORROR: THE WARNER BROS YEARS","Film & Video",successful,586,US,32942,22000
1011198298,"Fight For Freedom: True Story About Abuse And Homelessness","Film & Video",failed,0,US,0,7000
101119993,"Kick It! A Multimedia Kickstarter Anthology",Publishing,successful,14,US,366,100
1011207993,"Mega Project: A FUTURE Without Chemicals and Healthy Food.",Technology,canceled,2,US,75,250000
1011214149,"Discovering craft breweries in the USA",Food,failed,1,US,2,20000
1011224953,"Journey to Dance Gallery Festival",Dance,failed,12,US,1256,2500
1011228093,"Boy King Islands' Super-Limited Edition New Album!",Music,successful,206,US,9002,7200
1011248931,"The 8x8 Cookbook--Square Meals for Weeknight Dinner",Food,successful,404,US,21388,20000
1011252850,"Peer Gynt",Theater,successful,97,GB,6260.08,5158.69
1011257495,"Underage Cooking","Film & Video",failed,2,US,150,2500
1011270775,"Mikeze - The E-life Manager",Technology,failed,8,US,430,13000
1011277482,"Local Legends","Film & Video",failed,6,US,112,35000
1011279886,"Flavors of India",Food,failed,16,US,275,20000
101128433,HackPolitik,Dance,successful,109,US,5291.5,5000
1011286592,"Artbook â€” Great Spirit, Great God",Publishing,failed,8,US,550,20000
1011289637,"SEPTEMBRYO: You were born for a reason Issue #2",Comics,successful,28,CA,1006.75,996.78
1011294099,"OUTFIT (Canceled)",Fashion,canceled,9,US,949,10000
1011295553,"Banded Together (Canceled)",Technology,canceled,1,US,1,175000
1011301652,"Absolute Zero: Cyberpunk Science Fiction Novel",Publishing,successful,21,US,615,100
1011304615,"GROTESK MACABRE Animated playing cards!",Games,successful,606,US,31748,15000
1011319459,"Murder: A Comedy","Film & Video",failed,3,US,100,3500
1011322019,"ROMP! Magazine",Publishing,failed,14,US,455,45000
1011325063,"The Customer Experience Book",Publishing,successful,110,GB,11907.27,11867.71
1011335464,"SAFE Wallet Case for iPhone 5 and iPhone 4/4s",Design,failed,170,US,16669,217000
1011339921,"Video Watchdog Digital Archive for iPad, Android & Windows",Publishing,canceled,412,US,74071,147900
101134401,"The Adventure Photo Challenge - from Australia to Estonia",Photography,successful,53,GB,6417.79,1534.99
1011348775,"The Little Guy and the Creature",Publishing,successful,68,US,4645,4000
1011352051,"THC "The High Concert"",Music,failed,0,US,0,1400
1011357989,"Incoginto Cinema Warriors XP (Season 2)","Film & Video",successful,56,US,4382,4000
1011362603,"Get Mike the Pipe to Punk Rock Bowling 2015! (Canceled)",Music,canceled,3,US,70,500
1011369637,"There Will Be A Light: Stories of Great Lakes Lighthouses","Film & Video",canceled,0,US,0,5014
1011374245,"Forests & Sands",Fashion,failed,2,US,125,19000
1011374497,"Dracucat:The poker cards",Games,failed,15,FR,386.31,1056.78
1011381560,"Melissa Joy's Debut Album",Music,failed,19,US,2381,25000
1011392707,"Heaven in Hollywood",Music,failed,3,US,130,3000
1011396416,"The High Five's New Song!!",Music,failed,1,US,25,1100
1011401237,"Egidio Scognamillo: Realize a dream to change a life",Music,failed,0,IT,0,2219.19
1011403563,"MetalFromNL guerilla tactics",Music,successful,2,NL,94.08,80.64
1011408693,""THE KING HAT REVIEW" THE STORY OF AMERICAN MUSIC",Theater,failed,4,US,701,10000
1011415506,Nocturne,Music,successful,56,GB,3904.07,2923.18
1011421151,"Crazy Ballers",Games,failed,0,GB,0,67586.75
1011428880,Voter-Ed.com,Technology,failed,2,US,43,25000
1011430787,"Courageous Lion Cinema's 2015 48 Hour Film","Film & Video",successful,27,US,1435,1000
1011432526,"Mythic Canvas Tote Bags (Canceled)",Fashion,canceled,0,US,0,300
1011432992,"Predator limited edition neon ink poster",Art,failed,3,GB,37.93,1223.44
1011435345,"Pre-sale so we can print shirts for meagothy and StompyStomps (Canceled)",Fashion,canceled,1,US,200,950
1011452232,"Nomad, The #1 rechargeable grill for nature lovers",Design,failed,3,FR,357.43,111349.89
101146343,"Quatrix strategic board game (Canceled)",Games,canceled,8,US,890,45000
1011467673,"The Brittle Box Candy that's "Outside the box"",Food,failed,10,US,335,175000
1011468686,TBounce,Games,failed,1,US,5,10000
1011468847,"The Night Owl Society - Issue #1",Comics,successful,155,US,5410,4500
1011477077,"Quail Bell Look Book/Issue One",Publishing,failed,5,US,76,500
1011481501,"poetry for the wounded",Publishing,failed,1,AU,87.52,7001.58
1011483416,"Bobby's Socks","Film & Video",failed,5,US,235,25000
1011485219,"Delectable Delights By Tara",Food,successful,4,AU,38.07,7.61
1011490698,"Jayme Stone's Lomax Project",Music,successful,490,US,25391.26,25000
1011502029,"Bash N Dash",Games,failed,5,GB,15.34,3067.96
1011506154,"Davey G Music",Music,failed,0,US,0,500
1011508551,"EBENEZER Solo Record",Music,undefined,0,"N,0"",8361,8000
1011510565,"Merry Musicals Presents: " Father of his Country."","Film & Video",failed,0,US,0,100000
1011518618,"Taco Night",Food,failed,0,US,0,2000
1011519134,"Bringing the World Peace Game to Saint Paul!",Games,failed,11,US,1225,2400
1011524428,"Bad Exorcists","Film & Video",successful,255,US,21965.41,20000
1011541729,"Into The Rudder "A documentary Film"","Film & Video",failed,7,US,275,8500
1011547848,"Frederick Elton's Rock Album/Home Studio Start up",Music,failed,0,GB,0,16690.03
1011548579,"Cooperstand Professional Multiple Instrument Stand",Design,canceled,25,US,3459,50000
1011554703,"Free Range Chicken Coop for Rural Andean Farm. #VamosChicken",Food,successful,15,GB,980.06,967.16
1011559860,"GINA: Smart coffee instrument / by GOAT STORY",Design,successful,2389,US,501612,50000
1011566779,"Golfball Critters",Design,failed,7,US,305,10000
1011568164,"Ez Edger",Design,failed,9,US,226,30000
101156819,"Freddy's List - The Complete Marine Classifieds",Technology,failed,0,US,0,4700
1011574171,"UFHO2 - A Turn-based Strategy Game",Games,successful,316,US,10872.79,10000
1011575016,"Olga Dunn Dance Company's Sudden Move!",Dance,failed,8,US,352,25000
1011578240,"OooWee SoulFood Restaurant",Food,failed,1,US,5,18000
101157845,"LIMPET - SAFE - SECURE - STRONG",Design,failed,22,GB,1354.99,13415.62
1011584108,"Cimmerian Space Realtime 3D Browser Game",Games,failed,36,GB,2192.24,8059.71
101158548,"Our Two Hands","Film & Video",successful,137,US,20491.01,20000
1011587111,"Wild for Otters!","Film & Video",successful,289,US,27846,27000
1011593107,"Twilight FanMade Screentest","Film & Video",failed,0,US,0,10000
1011598954,"Santiago: The Fisherman (Canceled)","Film & Video",canceled,2,US,52,850
1011604031,"MIS' ME",Fashion,failed,0,US,0,3000
1011607665,""Dark Soul" transcription of book for e-book upload",Publishing,failed,1,US,10,1500
1011613838,"Edgemere Farm in Rockaway Beach, Needs Your Help!",Food,successful,97,US,8821.77,6000
1011614416,"Emerson ASB 2011 Documentary","Film & Video",successful,46,US,2000,2000
1011617014,"Arcane Creations: A Rock Fashion Show 4 Starving Artists",Art,failed,0,US,0,5000
1011619028,"Physical Release of "XO" AND "SINNER"",Music,failed,2,US,20,5000
1011623243,"ROTO - No more lumpy shakes! (Canceled)",Design,canceled,71,NL,1570.76,14084.98
1011626515,"LibertÃ©, Ã©galitÃ©, fraternitÃ© - Terror in Paris (Cannes Film)","Film & Video",failed,3,DE,7.59,216.72
1011629403,"Kinging-It Clothing/ New Website",Fashion,successful,68,GB,3168.24,2864.59
1011645519,"Extra hands for mommy and daddy!",Design,failed,4,US,61,1000
1011653178,"Positive Intention Workbook App",Publishing,successful,44,US,3105,3000
1011657117,"Achieve Your Dream Kimono Look: Handmade Kimono Accessories",Fashion,successful,22,US,607,500
1011660676,"BIG BERTHA AND THE MAFIA COPS","Film & Video",failed,2,US,2,2700
1011664710,"28 degrees taurus' new album and US tour 2010!",Music,successful,21,US,787,700
1011666608,"Chasing a Feeling",Publishing,failed,11,US,432,7000
1011667256,"SWITCH TAPS Interchangeable Beer Tap Handle & Growler System",Design,failed,61,US,8268,10000
101166915,"Happy State co: Proudly saluting the Happy States of America",Fashion,successful,98,US,2030.4,2000
1011680616,"BRING MISSING BACK TO LIFE",Theater,successful,507,GB,16378.25,7401.6
1011683270,"State of the Art Conference (Canceled)",Art,canceled,2,US,151,2700
1011684296,"the underargument | underwear advocating individuality",Fashion,canceled,30,GB,2585.31,13551.6
1011687764,"Best OnLine Classifieds; Ever / No More Spam",Technology,failed,0,US,0,6300
1011691456,"After Life: True Tales of the Wandering Dead (Canceled)",Publishing,canceled,73,CA,2570.12,7173.6
101169168,"C Stoddart 2016 Calendar",Photography,successful,22,US,1591,1550
1011703457,"Big Scary Lions, and Hopefully A Meerkat Or Two",Photography,failed,0,GB,0,15248.06
1011705525,"Matthew Rapp Music",Music,successful,30,US,797,500
1011709031,"Student Film: Palisades","Film & Video",successful,9,US,325,200
1011709437,""REMEMBAH" The Zombie Rock Video with a Purpose! (Canceled)",Music,canceled,1,US,25,10000
1011715374,"TiScribe-HL: The First Titanium/Copper/Brass Highlighter Pen",Design,successful,204,US,16067.69,999
1011716069,"The Normal Day A 2D RPG Game",Games,failed,4,DE,214.29,852.88
1011716354,"The Greys Trilogy - Book One: Revelations",Publishing,failed,3,US,51,12000
1011718163,"Detroit Portraits",Photography,successful,134,US,6911,6500
1011723203,"Options: A Novel",Publishing,failed,17,US,691,5000
1011724893,"RapidDisk LX 2.0: an iSCSI Target Linux Distribution",Technology,failed,27,US,929.66,2500
1011729845,"Vitality Cafe",Food,failed,1,US,25,50000
1011730509,"0 Fans & Brand New: Develop/ Record/ Distribute Debut Album",Music,canceled,0,US,0,25000
101173232,"The Lasagne Project Support",Food,failed,1,GB,1.66,49.75
1011741938,"THE RITE - MMA TV Show Pilot","Film & Video",failed,21,US,1381,67000
1011754438,"Native Phoenix Lingerie Calendar",Publishing,failed,6,US,296,5000
1011756178,"Dress my dreams - by Crazy Dreams Factory",Fashion,failed,0,BE,0,5303.01
1011761722,"Freestyle magazine Issue 4",Publishing,successful,97,GB,22940.32,22853.66
1011765723,"iPlifierâ„¢ for iPhone 5",Design,successful,800,US,8576,7500
1011767615,""ANGELA'S DREAM" SHORT FILM","Film & Video",failed,16,US,587,8000
1011774563,"MY SON","Film & Video",successful,53,US,3500.99,3500
1011775473,"Befouled Maze of the Demi-Lich, 5e DnD Adventure Module",Games,successful,139,US,2366,300
1011784198,"Through the Eyes of My Mother",Photography,live,7,US,349,500
1011785439,"Into the Lantern Waste",Music,successful,127,US,4368.33,2600
1011785857,"DualiFree Journal -politically free|No profit| pure info-",Journalism,failed,1,IT,1.14,21682.81
1011793387,"Brennin EP",Music,successful,88,US,6912,6000
1011798944,"TriskÃ¨le "IV" LP (Canceled)",Music,canceled,0,CA,0,5996.16
1011806123,"1st Affordable GLASS Luxury Swiss Mechanical Skeleton Watch",Fashion,canceled,62,GB,11392.65,27499.51
1011810104,"Nick Ladish 2012 EP Project",Music,failed,6,US,125,500
101181018,"Top Tier: American Heroes and the Dogs Who Love Them Film","Film & Video",failed,16,US,805,10000
1011815456,"Exploring Our Children's Aptitudes and Interests",Art,failed,0,US,0,1500
1011821460,"Urban Snow - Ski and Snowboard Year Round in the Bay Area",Design,successful,208,US,21415,20000
1011825009,"Darklands: Savage Hordes IV",Games,successful,203,GB,44735.59,6606.94
1011827283,"Breakout: A Four-Issue Comic Book Mini-Series",Comics,failed,32,US,1257,6000
1011830662,"Red Sky Morning","Film & Video",successful,23,US,1525,1500
1011833151,"Hesting Power Turbine",Technology,failed,1,US,100,5000
1011837866,"Khmer Rouge Documentary","Film & Video",failed,1,AU,89.43,1341.44
1011839035,"The Crush Series","Film & Video",successful,98,US,4631,4500
1011847451,"Psycho-Manic: Interactive Music Video for iPad/iPhone","Film & Video",failed,6,US,830,7100
1011848979,"In Knead of more space.",Food,failed,26,US,1185,3855
1011850817,"TWYN SYSTEM",Technology,failed,26,US,1439,20000
1011852325,"I just want to make pizza",Food,failed,0,US,0,200
1011855553,"The Adventures of Super Stretch-Yoga & Mindfulness for Kids",Technology,failed,104,US,9299,50000
1011860628,"Flee the Scene",Games,successful,361,NZ,15297.41,7993.07
1011861248,"BE defiA.N.T.",Music,failed,14,US,372,30000
1011863247,"Portland Lesbian & Gay Film Festival's Filmmaker Fund","Film & Video",successful,35,US,1903,1900
1011865092,"Crank Coffee, hand roasted, bike delivered, Portland,OR",Food,failed,38,US,2281,8500
1011873918,"Stage Play: Living in the Sisterhood",Theater,failed,0,US,0,15000
1011885110,"The Sara Chronicles series (Canceled)",Publishing,canceled,0,US,0,6000
1011886894,iDrinks,Food,failed,0,CA,0,131.61
1011888845,"Out of Bounds Feature Film","Film & Video",canceled,7,US,475,75000
1011895837,"RC Drone",Technology,failed,2,US,50,200
1011898828,"A Strange and Marvellous Adventure - Film","Film & Video",successful,19,GB,507.61,454.57
1011899709,Frontierville!,Art,successful,98,US,5052,5000
101190811,"The Renata Road - Feature Film","Film & Video",successful,141,GB,16485.31,15978.78
1011919830,""On The One" A Marvellous Book, about Prince, by Blule",Publishing,successful,285,AU,79002.81,63811.61
101193204,"F O N E (an un-performable symphony) Special Edition CD",Music,successful,210,US,11315.66,8500
1011939423,"The Process - A USC Thesis Film","Film & Video",successful,111,US,7749,7000
101194805,"COLORxDEATH - alternative adult coloring book",Art,failed,30,US,1300,2500
1011952280,"NHSOB Summer Festival 2015",Music,undefined,0,"N,0"",53.41,4712.83
1011953732,"The Thin Gins want to make a free album",Music,successful,22,US,1525.34,1500
1011962023,"Help! I'm about to be a dad",Publishing,failed,0,GB,0,156479.83
1011963518,"My Dream is to Publish a Collection of Personal Visions",Publishing,failed,0,US,0,5000
1011965269,"Chino Ramos & Orq: New Album & Holiday Collaboration",Music,canceled,1,US,40,15000
1011967346,"The ShamanCycle - a Giant 10-Person Eagle Bicycle",Art,successful,120,US,12527,9847
1011971056,STACY,"Film & Video",successful,38,US,10056,10000
1011996944,"Drunkstruction: The Liver Killing Party Game",Games,successful,50,US,2578,2500
1011996990,"A New Fingerstyle guitar album by Lance Allen",Music,successful,78,US,3264,1000
1011998668,"Stadium Re-boot!",Games,successful,82,US,4479,35
101200382,"Investing In "A Sick Summer" (Canceled)",Music,canceled,4,US,153,800
1012003939,"Feature-length indie comedy...STRONG script...GREAT film.","Film & Video",failed,3,US,900,10000
1012008898,"Essays on Product Management",Publishing,successful,262,US,2884.42,1000
1012009393,"Human origin and evolution",Publishing,failed,1,US,15,12000
10120159,"JI EUM: A Rhythm Mobile Game for the Visually Impaired",Games,successful,36,US,1313,1000
1012016276,"Degrees: Earth's beautiful landscape and wildlife",Photography,successful,30,US,3075,3000
1012018731,"3am "The Devil's hour"","Film & Video",failed,5,US,600,20000
1012028906,"Apogaea 2012 Center Camp",Art,successful,45,US,1451,1200
1012038570,"Find "Youth-spirations" worldwide and film their lives","Film & Video",failed,0,US,0,68000
1012042421,"que Bottle: The Fashionable & Collapsible Travel Bottle",Design,successful,11610,US,560785.5,20000
1012051485,"Tazed in the nuts for Mixtape Features (Canceled)",Music,canceled,0,US,0,40000
1012052985,"MOVING ONâ€“The Short Film","Film & Video",successful,43,US,5662,5400
1012058337,"Degobah Max",Music,undefined,0,"N,0"",0,4500
1012060419,"Self Replicating Blocks",Technology,failed,7,GB,354.62,9850.6
1012070871,"FATHOMS - an animated sci-fi film with heart","Film & Video",successful,145,US,19631.22,7500
1012071398,"AMERICAN DREAM: ILLUSION OR REALITY?  A Documentary About the Pursuit of Success","Film & Video",successful,46,US,4100,4000
1012072717,"Geef kleur aan de rode flat op Elevator Sessions! (Canceled)",Music,canceled,1,NL,10.96,76.74
1012076836,"Universal PWM Controller Kit",Technology,failed,10,GB,190.7,829.12
1012078896,"Wicked Boxer Brewing | First Brewery in Cypress, TX",Food,successful,79,US,10200,10000
1012080573,"Miazzo's Digital Portraits, Unique Art",Art,failed,0,ES,0,47.54
1012098299,Stray,Comics,failed,5,US,75,7000
1012101826,"Niko makes really good spaghetti (Suspended)",Food,suspended,2,US,2,1100
101210533,"LUXXIS First High Tech Water Bottle",Technology,failed,2,AU,133.55,7675.19
1012106584,"Recording our full length!",Music,successful,39,US,2835,2500
1012115906,"Happy People DGAF: The 3 Universal Laws of Happiness",Publishing,failed,4,US,56,5000
1012124191,"Bring "Avalon: A Steampunk Musical Romance" to the stage",Theater,failed,3,US,200,3500
1012134869,"The Silent Sneakers",Fashion,failed,0,US,0,2500
1012142765,"Custom - Celebrating Retro Gaming Art",Publishing,canceled,14,CA,637.46,29649.4
1012164396,"Departed Soles: Brewing Classic & Gluten Free beer in NJ!",Food,successful,192,US,20987,17500
1012165066,"Blood and Dust: The Life and Undeath of Judd Glenny",Comics,successful,68,US,3095,3000
1012175050,"Uneasy Lies the Mind","Film & Video",successful,28,US,10001,10000
1012175484,"Zero-electric, 100% self-powered equipment gym",Design,failed,2,US,21,69000
1012176914,"Power on the Positive Randomosity!","Film & Video",successful,9,US,635,300
1012184607,"The FLUME - Dice Tower - Dice Case - Hardwood RNG Solution",Games,successful,148,US,12730,1000
1012186184,"I Hear Ya, Syria.",Design,failed,2,US,43,1000
1012187325,"Undercover Apple's Debut EP "Across the Ocean"",Music,failed,19,US,1431,2000
1012187395,"Amores Santos in Italy","Film & Video",failed,0,IT,0,16207.46
1012188660,"DIY Crafting Kits for Cell Phone Cases and Charm Jewelry",Crafts,canceled,2,US,3,22000
1012205909,"Black Circle Coffee Roasters",Food,failed,5,GB,420.36,74180.31
101221545,"Reversible, Reusable, Eco-friendly Gift Wrap",Design,failed,17,US,905,15000
1012220416,"Life Enlightened: An Exhibit To Elevate Your Spirit",Photography,failed,17,US,524,2700
1012221927,"Free For All, Time in the Library","Film & Video",failed,77,US,8351,15000
1012238393,"Welcome to Mommy's E-Z Baking",Food,failed,4,US,70,1500
1012243555,"90 Days-The Life of a Plant",Food,successful,39,US,2910,2500
1012245341,CounterCULTureTee$,Fashion,failed,4,US,200,5000
1012247232,"Life Doesn't Just Happen",Art,failed,8,US,352,7500
1012252305,"Venti's Disaster",Comics,failed,2,US,2,40000
1012258065,"Lil League of Learning Heroes, Major's Mission!",Games,failed,2,US,26,5000
1012261986,"Impression CD de Territoires - 1er album de l'Oumigmag",Music,successful,40,CA,1278.57,674.51
1012262613,"CineBlock the gaming spot (Canceled)",Games,canceled,3,US,10002,550000
1012263055,"THOMAS WATKISS WELCOMES FUNDING FOR THE COMPLETION OF HIS VINYL SERIES!",Music,failed,8,US,1415,5900
1012264581,"Alexa Anime Figurine & Games",Games,canceled,43,GB,3728.1,6238.46
1012266426,"Â«GrassrootsÂ» on wax: spread your love for vinyl",Music,failed,7,NL,208.96,3348.74
1012291585,"you're COLOR - A children's book about finding happiness",Publishing,successful,50,US,2696,1500
1012293371,"Chasing Unicorns","Film & Video",failed,62,US,2902,88888
1012301495,"M&M Productions presents "Give It To God" Stage Play",Theater,failed,1,US,250,10000
101231027,TireBuddy,Technology,failed,2,US,11,1800
1012312633,"Celebrating Mom & Pop Shops Across America",Publishing,failed,30,US,1055.11,7500
1012313398,"5 New Taiko Drums for Fushu Daiko",Music,successful,59,US,5113,3000
1012319723,"Insongniacs from Mardela Middle Senior High going to ICHSA's",Music,failed,10,US,380,2500
1012321262,"QÃ¼ero: Handmade shoes you design, perfect fit using our app!",Fashion,successful,107,US,26245,25000
1012325806,"Corpse Hammer 32mm Miniature Game (Canceled)",Games,canceled,10,US,867,14650
1012328127,"Cloud Runner",Games,failed,7,US,162,2000
1012331272,"A silent piano for a music student",Music,failed,0,AT,0,5349.02
1012334626,SUPERCOLOR,Publishing,successful,60,US,3640,3500
1012337490,"Skinny Dipper -- Issue One",Publishing,successful,143,US,6509,5000
1012337816,"Chanelle's World:  A Story Of A Gay Music Artist And Painter","Film & Video",canceled,0,US,0,5000
101234917,"Modern Cornhole",Design,successful,120,US,26349,10000
1012352519,"Sail Vicarious Travel DVD Series "Sail the world through us"","Film & Video",successful,24,US,4250,4000
1012361752,"Bar/Bat Mitzvah Training",Technology,failed,0,CA,0,22606.02
1012364457,"Off Constantly's Emmy Episode","Film & Video",failed,2,US,80,1000
1012365705,"Girlz Who Dare 2 Dream "2"",Art,failed,1,US,1,5000
1012367179,"Horsecore II (Title TBA) (Canceled)",Music,canceled,31,US,1910.66,7666
101237496,OPERATOR,"Film & Video",successful,197,US,12103.07,10960
1012376330,"Illuminatio: Slavery of the System",Dance,failed,20,US,1045,5000
1012377186,"Subject Eve Storyboards (Canceled)",Art,canceled,0,US,0,23436
1012379130,"Figchii: Chibi-styled stickers, pencil cases and notebooks",Crafts,failed,7,CA,153.17,226.36
1012392028,"The Sensiblists (Canceled)",Design,canceled,3,NL,61.82,9407.97
1012399283,""The Woman in White"","Film & Video",live,13,US,429,1200
1012404766,"The Drifting Deltiologist does Tucson, AZ",Photography,failed,3,US,125,600
1012413710,"Party Cannon: A 21st Century Party Game",Design,canceled,3,US,297,35000
1012414277,"WE ARE WHO WE ARE BUT WHATEVER WE WANT TO BE!!!",Music,undefined,0,"N,0"",0,3000
1012420754,"Rhallen Campaign World",Games,failed,4,US,100,1000
1012420844,"Little Chief",Publishing,failed,0,IE,0,560.75
1012421028,"Tunnel Pack for Indoor Skydiving",Design,failed,36,US,7003,50000
1012422256,"Thank You For Sharing",Music,successful,39,US,4930,4500
1012438241,"Bobbie 1S Robot.",Technology,failed,9,NL,3286.58,53249.84
1012438389,"One Sunday Night-A Short Film","Film & Video",failed,5,US,490,1750
1012443954,"Introducing EXO - the next generation scissor",Design,successful,791,GB,112750.92,72993.69
1012446920,"Paul Bergmann and The Fair Moans Music Video",Music,failed,8,US,835,10000
1012448004,"To Begin The World Over Again",Dance,successful,158,US,9089.58,9000
1012449194,Sent-cerely,Crafts,failed,6,US,124,1500
1012467487,"Vampress Girls, Book of Shadows - Rock Chronicles (Canceled)",Comics,canceled,4,US,257,12000
1012476244,Punnies,Publishing,successful,271,US,12023,11000
1012476651,"CHAMPION A New Song & Music Video by Preston Powis",Music,failed,17,US,2816,20000
1012480973,"CapÂ´s & Stuff",Fashion,failed,1,DK,5.86,8370.3
1012487499,"The cover startup!",Technology,failed,2,IT,40.61,2256.19
1012488323,"WAKE - A One Man Play at The Union Theatre",Theater,successful,41,GB,2365.28,2246.36
1012495155,"Through the Eye","Film & Video",failed,0,GB,0,3075.55
1012497254,"One Line - One World!",Design,canceled,23,DE,1108.59,21609.94
1012501347,"Pants Exchange and Fake Up at the Tacoma Art Museum",Art,successful,16,US,1500,1500
1012512108,"Uncommon Action",Art,successful,34,US,1130,1000
1012513938,"THE NEXT BIG SOCIAL NETWORK -    MY PRYME (Canceled)",Technology,canceled,4,AU,176.7,48351.65
1012533135,"Live Forever - The Mylon Le Fevre Story",Publishing,failed,110,US,31920,46000
1012534180,"When Reflection Isn't Enough. #BeBrighter",Design,successful,342,US,55867,54000
1012551391,"GoLoud Promotions Presents....",Music,failed,0,GB,0,4085.17
1012552416,"Creating a Car Crash Analysis Studio","Film & Video",failed,0,SE,0,3496.22
101257201,"RevoCases, We See Charging Differently (Canceled)",Technology,canceled,24,US,2276,10000
1012572524,"Copper Twist - Unique besoke industrial furniture & fittings",Crafts,failed,0,GB,0,2524.71
1012575814,"History Through VR",Technology,failed,2,US,150,55000
1012581492,"SHADOW OF A GUN â€” a feature film","Film & Video",successful,188,US,20639,20000
1012585115,"Kodacrome LP",Music,successful,39,US,5084,5000
1012591547,"QC Connection Fantasy Football Podcast",Journalism,failed,0,AU,0,395.37
1012597536,""Zombie Fruit Eaters" The Worlds First FRUIT SPLATTER FILM!","Film & Video",failed,1,US,20,500
1012603014,"Forever Organic",Food,failed,1,US,30,30000
1012612441,"Geek Dice",Games,successful,560,US,22151.66,15000
1012613651,"The Rumpl Puffe-, A Portable Battery-Powered Heated Blanket",Design,successful,1297,US,311730.42,20000
101261959,"The Native Sound",Music,failed,1,US,1,500
1012646452,"Ghost Hunter: Angels & Demons",Games,successful,190,GB,4189.32,3244.52
1012654604,"Free Library for Kids, Teens, and Adults with little park",Publishing,failed,32,US,687,1500
1012660567,"Gemstone Hope Tree",Art,failed,2,US,160,4500
1012662172,"Conundrum Escape Rooms",Games,successful,24,US,2935,2500
1012665249,"Rediscovering Reading. . . (Canceled)",Photography,canceled,0,GB,0,250.35
1012666914,"Only you can help Peace Eden thrive! Support the Arts!",Publishing,failed,0,US,0,777
1012669326,"175 Faces of Tiffin",Art,successful,59,GB,3453.1,3072.15
1012671431,"Mirenda #4 (as well as #1-3)",Comics,successful,234,US,5928,2000
1012672579,"Social Media : Extreme Trespassing Adventures (ETA EUROPE)","Film & Video",failed,0,BE,0,27902.41
1012673335,"IllumiBowl Clip-On Toilet Night Light (Motion Activated)",Technology,successful,3297,US,95399,20000
101267519,"The Chap Caddy....A Beautiful Oiled Leather Lip Balm Holder",Design,successful,44,US,1050,500
1012677561,"Education in the South Pacific: American Samoa Documentary","Film & Video",failed,1,US,50,350
1012677690,"Large 4 inch CPO CHIEF LDO CWO Mustang Challenge Coin",Design,failed,2,US,40,2500
1012679116,"Tien - Starboard Sessions CD",Music,successful,108,US,4065.69,3000
1012680091,"Ksuave Jeans/Ksuave Enterprises",Fashion,failed,2,US,110,5000
1012684121,"RESORT THERESIENSTADT: FROM THE LIFE OF VACATIONERS","Film & Video",failed,14,US,3805,28000
101268943,"The first customizable watch with a titanium dial.",Design,canceled,19,CA,2224.2,11696.45
1012696379,"Gryphon Knight Epic - Medieval Shmup",Games,successful,480,US,19801.5,18000
1012703048,"Groundwalk - Sandals for Men and Women",Fashion,successful,164,US,6555,1000
1012704793,"Life In The Bus Lane","Film & Video",undefined,0,"N,0"",9329,7500
1012707684,"Cura Te Ipsum Year Two",Comics,successful,116,US,9846,5000
101272268,"Writing a children's book for my stepdaughter",Publishing,successful,1,US,200,200
1012722799,"Family Not Forgotten Greeting Cards",Publishing,canceled,0,US,0,275000
1012729087,"Mintediva - Plus Size Clothing and Lingerie Boutique",Fashion,failed,3,GB,278.19,38817.36
1012743333,"Carter's Creations",Crafts,failed,0,US,0,2500
1012744036,"An Oratorio for our Time - Last Stop Cafe",Music,successful,0,"N,0"",5170,5000
1012747058,"Stories From The Green Cabin","Film & Video",successful,73,US,5070,5000
1012756075,"HeroTrays - Gaming Trays for Heroclix and Quarriors!",Games,successful,155,US,7102.5,3500
1012757489,"America, through a glass darkly...","Film & Video",failed,0,US,0,2500
1012759347,"Cleric attempts recovery of stolen gear, future world conquest",Music,successful,47,US,4154.8,4000
1012760089,"Fab-straps: Apple watch - Smartwatch - Pebble watch -fashion",Fashion,failed,21,BE,2123.66,3829.36
1012768162,""The Dogs of Cape Verde" : Volunteer Service Calendar",Photography,canceled,15,US,545,1200
101276956,""Burnt at the Steak: 8-time Award Winning Solo Musical Tour",Theater,successful,38,US,6990,6000
1012770851,"Project Music! (Canceled)",Photography,canceled,0,US,0,1500
1012775577,"Henderson Brewing - Beer Meet Keg",Food,successful,188,CA,40199.51,39613.94
1012782986,"Beauty Salon Owner Tool",Technology,failed,1,US,10,50000
1012787929,"Basic and Advanced Breakout Boards Plus More!",Technology,successful,124,US,3665,500
1012789444,""ONCE WE WANTED" - New Performance by Dan & Iu-Hui!",Art,successful,22,US,2431,2400
1012790328,"Showt app"Putting the Social back in social media"",Technology,failed,0,US,0,20000
1012791990,"The Gigolo","Film & Video",failed,4,GB,659.88,24683.64
1012792588,"Teen Self Esteem Program and Guidebook: Powerful You",Publishing,failed,45,CA,1995.98,6428.28
101279635,GUMMER,Publishing,failed,0,CA,0,577.9
10127972,"Drift Plates X1 Bindings",Design,failed,3,US,150,3800
1012799167,"Bad Unit, Issue #1, Visions of Prometheus",Comics,failed,9,US,345,6000
1012799858,"The Type Deck - Typography Playing Cards printed by USPCC",Design,successful,761,US,20604.02,12000
101280026,"Nico Rivers' New Stripped-Down EP: To The Bone",Music,successful,52,US,1140,1100
1012807897,"Juliet Remembered","Film & Video",undefined,0,"N,0"",9660.05,9427.8
101280871,"Making My Fiction Mainstream",Publishing,failed,0,US,0,3000
1012816525,"All Together Now Showcase Documentary (Canceled)","Film & Video",canceled,9,US,110,10000
1012817910,"Zenith - Path of Fire","Film & Video",failed,1,GB,128.53,1928.02
101282052,"Alma Campirana -  new album of vintage Mexican songs",Music,successful,53,US,4617,4000
1012822702,"Voices of Nepal: Stories of Hope",Photography,failed,27,US,1012,9000
1012826158,"Breath of the Titans",Publishing,failed,0,US,0,10000
1012837062,"Blue Meet",Games,failed,1,DE,11.17,44671.77
1012837575,"FoldiMate: The Robotic Laundry Folding Machine",Technology,failed,21,US,11818,250000
1012837921,"The 2018 Demon Calendar",Art,successful,30,US,1500,1500
1012838732,"Jackboy's Dog Bakery -  New Retail & Bakery",Food,failed,9,US,295,145000
1012844176,"Chemical free yet stops bugs, bad smells and kills disease",Design,failed,2,AU,90.81,7567.73
1012848844,"An Artist Cookbook",Publishing,failed,2,US,70,10000
1012856657,"The Many Deaths of Amanda Wallace: EarthJumper Series Book 1",Publishing,failed,15,US,601,6200
1012857119,"From Photo to Table--Relaunch",Technology,failed,23,US,705,8000
1012862183,Revoltoso,"Film & Video",successful,221,CA,45051.92,40080.16
101286868,Brumset,"Film & Video",failed,1,GB,33.14,414.3
1012875352,"The Adventures Of Mopey, The Mini Horse.",Publishing,failed,6,US,155,6000
1012886401,"Buffalostar: The Quantum Cannon","Film & Video",failed,1,US,1,130000
1012886740,"Storms & Solitude - A Solo-Circumnavigator's Tale - The Book",Publishing,failed,6,US,535,12000
1012889939,"PARTY HARD!","Film & Video",failed,0,US,0,7250
1012895232,"My Name is Sam Johnson",Theater,failed,40,US,2115,3000
1012895442,"Jason Winters Studio Worship Album",Music,successful,84,US,4414,4000
1012901908,"The Philadelphia Opera Collective presents Susannah",Music,successful,11,US,1100,1000
101290303,"Like Spinal Tap & Dr. Strangelove? You'll Love our Film!","Film & Video",failed,1,US,25,5000
1012908100,"Christian Hip Hop and R&B Radio Station",Music,failed,1,US,10,400000
1012924504,"The Wondercult Fundraiser",Music,failed,3,US,45,1500
1012926510,"Mobile Game ''FaceFriends''",Games,failed,0,NL,0,202823.76
1012934131,"TEN FACES OF ANNA - POST-PRODUCTION","Film & Video",successful,16,GB,1576.08,1568.23
1012937016,"'Journeys to Somewhere Else' by John Avon",Art,successful,901,GB,153812.96,40771.26
1012948256,"Belle the christmas elf coloring book",Publishing,failed,1,US,10,400
1012951816,"Frightful Things",Dance,successful,95,US,6591,6000
101295302,"Paleo Research (Canceled)",Food,canceled,0,US,0,200
1012964359,"Souled on Memphis (Canceled)",Fashion,canceled,0,US,0,5000
1012967459,"The Kendama Dream - A Mockumentary Feature Film","Film & Video",failed,11,US,450,3000
1012978696,"VEGAS LIGHTS",Music,failed,0,US,0,2000
1012979017,"Natalia Chase - Debut Worship Album",Music,successful,114,US,8202,8000
1012979343,"Elena & Boo of Demolition String Band Make Duo Record",Music,successful,116,US,8195,8000
1012995685,"Tina & Her Pony's New Record "Champion" 2017",Music,successful,256,US,15973,15000
1012997610,"JZ Hydroponics",Food,failed,0,US,0,1000
1012999216,"Three Snails",Crafts,canceled,21,US,350,20000
1012999778,"First Album",Music,failed,0,US,0,200
1013006034,"Intentional Excellence. What it is. How to get it.",Publishing,failed,13,US,935,3500
1013007973,"Robotics Competition and WiFi Radix Receiver for RC Vehicles",Technology,failed,8,US,744,70000
1013015364,"GBS Detroit Presents Volcano and the New Radio Standard",Music,successful,29,US,1275,1200
1013018482,"The Talks - icebreaker card game",Games,failed,2,NL,50.16,2180.81
101301890,"Standing Up - Pre-Production","Film & Video",failed,46,US,4441,30000
1013019633,"Nouveau Gemmes Playing Cards",Games,successful,237,ES,12500.15,4545.94
101301964,"Unwoman's Uncovered Vol 2: Lemniscate - Looping Cello covers",Music,successful,668,US,14804.71,6000
1013020050,"Blue Buddy. Professional Counseling",Technology,failed,1,US,10,18000
1013021535,"TEYR Debut Album - Far From The Tree",Music,successful,120,GB,6207.12,5716.9
1013022907,"Handmade Shopping Channel TV Street Team","Film & Video",failed,3,US,3,5000
1013024401,"Starion Files","Film & Video",failed,0,US,0,10000
1013031233,"The QuickSnap Replaceable Cat Scratcher - Feline Innovations",Design,successful,457,US,22167,10000
101303414,"FARFLUNG - Sci-Fi Role-Play After Dark",Games,successful,529,US,16423,1475
1013038004,"Worlds Hardest Game 3D",Games,failed,4,NO,78.06,103.32
1013040611,"Â¡Derecho A La Vivienda!/A Right to Housing! Bushwick Gazette",Journalism,successful,30,US,1125,1000
1013042028,"Hard Ride Clothing (Canceled)",Fashion,canceled,0,US,0,15000
1013046013,"Gravel Kings EP 2013",Music,successful,29,US,679,600
1013055913,"1 DAY LEFT - David Rothschild Debut EP",Music,successful,79,US,5088,4000
1013077529,"Twice Fallen Movie","Film & Video",failed,1,US,50,10000
1013078852,"Say Kimchi! Korean Food Comic",Comics,successful,75,US,1755,1500
1013082969,"Wargame Tabletops",Games,failed,0,US,0,8000
1013083729,"Jason McGuire Trio "Tres Ratones Ciegos"",Music,successful,105,US,15125,10900
1013086297,"HIDEOUS PLASTIC - In stores everyone can hear you scream",Publishing,failed,49,AU,4190.07,18474.73
1013090893,"The Hiking Initiative Hits the Road",Journalism,failed,10,US,52,1000
1013106890,"Fluke - The Wealth Building Game of Accidental Inventions",Games,failed,8,US,885,5000
1013109821,"I don't like names (Suspended)",Publishing,suspended,0,US,0,11
1013110276,"Crochet by butterfly (Canceled)",Crafts,canceled,1,US,25,200
1013111154,"Guilin Bike Stand (Canceled)",Design,canceled,39,US,9051,75000
1013115913,"The Frontier Deck",Games,successful,620,US,29730,28500
1013118405,"Cultivate Brilliance Clothing",Fashion,successful,21,US,1225,1000
10131266,"Battle Tank Defence",Games,failed,4,GB,88.69,14780.87
1013133208,"Broken Biscuits - Fund my new tote bag design idea",Crafts,failed,6,GB,146.33,249.24
1013137829,"Make 100: Little Landscapes",Art,successful,21,US,550,500
1013147824,"GORDON'S GRILL BBQ SAUCE",Food,failed,1,US,10,15000
1013157280,"MyTree Networking Site - Paint the Portrait of Your Life",Technology,failed,6,US,52,135000
1013161175,"Project BABYSTEPS - Making ArtByCoylo a reality",Art,failed,1,GB,65.66,4377.39
1013165730,"Full length album by Friends of the Jitney",Music,failed,23,US,920,3300
1013175256,"Henlen: The Interchangeable Smartwatch",Design,failed,119,US,26271,100000
1013176158,"So Far from Story Street:  A Novel",Publishing,successful,17,US,3106,3000
1013179595,"Sundays. A film about our future.","Film & Video",successful,425,US,51237.19,50000
1013186170,"Pure, hand-poured, Canadian made, soy candles",Crafts,failed,0,CA,0,3954.44
1013187774,"Global Empowerment Project","Film & Video",successful,215,US,27149,25000
1013189957,"Tshirts & Other Treats",Fashion,failed,0,US,0,10000
1013190848,"Iconic Wildflowers of the National Parks",Technology,failed,7,US,373,7000
1013208395,"NovA's "The New Black" - A New Kind of Album",Music,failed,2,US,525,5000
1013211935,"Justice Cammack's debut CD Last Goodbyes",Music,failed,16,US,490,4500
1013227314,"Missing Sibling 2013 Western US Tour",Music,failed,7,US,525,2500
1013228070,"wedoo game - tabletop team culture transformation",Games,failed,12,SE,256.02,1207.64
1013236914,"By The Hand of His Grace",Publishing,failed,1,US,10,550
101324219,"Jr's Swim School for special needs",Design,failed,11,US,381,75000
1013243732,"GROND  " Kallok of the Urughukai" Book One",Comics,successful,88,US,2774,2300
1013245029,"Project is cancelled !!! (Canceled)",Technology,canceled,0,DE,0,10860.95
1013247303,"Pressure Gas Lantern Reflective Globe",Technology,failed,3,US,73,20000
1013247763,"LavenderBear - Aromatic handmade teddy filled with lavender",Crafts,failed,14,DE,701.8,2948.74
1013253084,"Nouvelle Ere : un projet transmedia","Film & Video",failed,5,FR,219.11,16598.98
1013256750,"CB South Marching Band Documentary Film","Film & Video",successful,80,US,3810,3500
1013264780,"Day of Wrath "Indy Feature Film"","Film & Video",failed,0,US,0,2000
1013265353,"Pterofin - Wind/water power using natural energy currents.",Art,failed,64,US,3798,25000
101327397,"Mondo Fly Fishing - Unique Rods & Reels",Design,successful,38,US,19484,15000
1013286507,"Why are you waiting? Spend Less Time in Line!",Technology,failed,0,US,0,10000
1013291461,"nmbr â€“ Keype it Quick",Technology,canceled,24,US,444,4500
1013293788,"The Olivia Darlings presentâ€¦ An Aquatic Arts Revival!",Art,failed,88,US,3135,10000
1013301995,"Bab(a/y)lon Rising: Media Art Mystic Rock-n-Roll Deep South",Art,successful,64,US,5192.13,4000
1013303827,"Xavii's Upcoming Tour and Album Release Fundraiser!!!",Music,successful,29,US,455,450
1013308308,"One Bad Thing","Film & Video",successful,32,US,10050,10000
1013308411,"Scottish Diaspora's John Muir-Still Documentary Wood Prints",Photography,canceled,2,GB,68.52,8222.44
1013310008,"Walkin' Miles in my Shoes . . .  you should come too!",Music,successful,50,US,4408,3500
1013311145,"Telemetry Goes On Tour",Music,successful,41,US,2175,2000
1013319840,"A woman's world and a man in-between",Publishing,failed,10,GB,249.75,4995.07
1013324797,"Shadowgirls Season One Hardcover",Comics,successful,34,US,2075,1200
1013326103,"Kreativ - A Cooperative Workspace",Art,successful,69,US,3235.67,3000
1013328423,"AGENT 88 - THE WEB SERIES","Film & Video",successful,561,US,104701.12,88000
1013331139,"Know This! with Ariana - Online Talk Show","Film & Video",failed,4,US,155,3500
1013351102,"Buona Foto. (Suspended)",Photography,suspended,0,US,0,7500
101336613,"I am Thankful",Publishing,live,1,US,50,3500
1013367956,"Original High School Dance Production: Nutcracker '41",Dance,successful,15,US,2191,1700
1013369499,"Don't go to Sleep: a story based on sleep paralysis","Film & Video",failed,0,US,0,15000
1013373332,"Kipod Creative DIY Wooden Toys : POM POM ANIMALS",Design,failed,177,CA,11397.17,24787.24
1013374901,"My Nine To Five (365 songs in 365 days)",Music,failed,133,US,4769.54,16000
1013376278,"Edwin Channels records second CD: Jeremiah 29.11",Music,failed,1,US,25,3000
1013378450,"Alelna Quiala debut album: Soulmatics",Music,failed,19,US,1226.33,23000
1013378925,"eGroov - First All Road, All-Wheel Drive Electric Scooter",Design,canceled,20,FR,29314.76,63507.78
1013384671,"Tidal Tikes - Kids will LOVE to clean up!",Technology,failed,6,US,181,25000
1013385092,Helpeddle,Technology,failed,6,US,46,210000
1013385248,"CYMBELINE - British rebellion in Downtown Durham",Theater,successful,46,US,1787,1500
1013385948,"Seraphina Bistro",Food,successful,12,US,1085,1000
1013389538,"Make admission to the London Music Awards ceremony free!",Music,undefined,0,"N,0"",168.25,2844.83
1013390389,"Unwinnable Weekly",Publishing,successful,931,US,38890.36,35000
1013391683,"Running of the Leaves convention 2014",Art,successful,37,US,2225,2000
1013395779,"Using the Moral Imagination to STOP Harmful Behavior",Publishing,failed,1,US,1,250
1013401579,"Snarky Scouts (at Crafty Bastards craft fair)",Crafts,successful,81,US,2992,2900
1013403770,"Miss Suzy's Steamboat T-shirts & prints, for adults and kids",Fashion,failed,3,US,41,150
1013408690,"Cmoar Virtual Reality Headset with integrated electronics",Technology,successful,539,US,120249,100000
1013411047,"NanoClear: revolutionary fouling protection for aquariums",Technology,successful,106,US,2075,2000
1013414412,"creat(i)ve (resist)ance",Art,failed,2,US,62,2500
1013415248,"Sailor Guardian Planetary Bow Hard Enamel Pins",Fashion,failed,9,US,246,1500
1013415482,"The rise of Myanmar's contemporary art","Film & Video",failed,1,GB,1.7,766.47
1013418953,"Rats The Movie","Film & Video",failed,2,US,80,1200
1013420161,"Living the Dream",Publishing,failed,0,US,0,18000
1013426137,"Affinity mobile app/site:  Nut/Peanut-Free",Technology,failed,9,US,216,25000
1013429244,""Them Guys" - The 21st Century version of Seinfeld!","Film & Video",failed,1,US,5,750
1013442531,"Whatâ€™s so Bunny?: A Card Game of Massive Bunny Reproduction",Games,canceled,0,CA,0,30045.82
1013447191,"...Place, or Thing",Photography,successful,10,US,292,200
1013448393,"JR Magazine",Publishing,undefined,0,"N,0"",0,1500
101345177,"Join the Confetti Palooza",Crafts,failed,4,US,50,1000
1013454832,"Book One: The Great Scrolls",Publishing,successful,7,US,560,550
1013460627,"Cast & Place: City of Dreams Pavilion",Design,successful,261,US,31448.5,30000
1013464840,"In need of studio equipment videos an distribution resources",Music,failed,3,US,3,3700
1013465063,"Welcome To Undershaw - Sherlock's Home",Publishing,successful,32,GB,1094.04,666.28
1013466522,"'What Was Felt Back Then' A poetry anthology by Liam Fleming",Publishing,successful,30,CA,818.47,560.04
1013477509,"Caught at the Edge",Publishing,failed,0,US,0,4000
1013481997,"RiVE: Technology for Distraction-Free Driving",Technology,successful,189,US,29273.5,25000
1013487714,"Broadcast your event live online with a network TV look",Technology,failed,0,US,0,47000
1013491047,"The Sickness: Book 1",Publishing,failed,0,US,0,100000
1013495191,"DEAD BLOOD",Comics,failed,10,US,945,10000
1013495358,"Help Halloween Carol get going (Canceled)","Film & Video",canceled,0,US,0,700
1013498866,"Enter the Moon",Publishing,failed,11,US,355,9600
1013499846,""Bity" - Bitcoin app for iOS",Technology,failed,1,AU,4.68,6546.34
101350028,"C A S T L E K I N G S Magazine",Publishing,failed,32,US,2287,15000
1013503401,Potjie,"Film & Video",successful,67,GB,7477.46,6947.88
1013505713,"Christia's Couture Mobile Boutique",Fashion,failed,1,US,70,6500
1013507159,"Pyramyd - The Game of Life",Games,canceled,35,IT,3470.93,43652.48
1013526951,"if... Pen",Technology,failed,227,AU,24344.46,48864.83
1013535993,"Hornskov KÃ¸benhavn - Handmade custom furfelt hats.",Fashion,successful,50,DK,11154.41,7436.27
101353700,"CATCH WILD is recording their OFFICIAL debut EP!",Music,successful,45,US,4921,3000
101353888,Neighbors,"Film & Video",successful,104,US,8335,8000
1013539499,"Hitch Hammock",Design,failed,7,US,737,10000
1013547328,"Signant Online",Games,failed,2,US,55,6000
1013547987,"Help Pat The Human Get A Tour Van!",Music,successful,28,US,1273,1000
1013549181,"The Way of Seeming","Film & Video",failed,16,US,2028,38500
1013550096,"VIVID SSD: Ultra Fast & Portable Solid State Drive in Colour",Technology,successful,75,AU,18768.8,14054.81
1013550788,"Steeping Pace",Dance,failed,5,US,220,1000
1013553084,"Hero Keeper (Canceled)",Games,canceled,6,GB,101.77,3392.42
1013556447,"Let's get Wild Boy Hot Sauce into the Stores!",Food,failed,13,US,367,5500
1013557476,"Love/Hate: The Game 2015 (Canceled)",Games,canceled,3,IE,110.3,54069.84
1013579625,"Elu: Book One 8000 BCE",Publishing,failed,1,US,5,1200
1013589243,"Witching Hour Webseries (Canceled)","Film & Video",canceled,119,US,5699.21,8000
1013590699,"Southern Exposure: Men of Key West",Photography,failed,33,US,3143,18325
1013606032,"The Havel Collection",Publishing,successful,35,US,2170,2000
1013612018,"Forsaken Life",Games,successful,30,US,1585,1000
1013616350,"Prospect Denim Co- Launch the Collection (Canceled)",Fashion,canceled,11,US,1229,15000
1013617287,"Hyundai Elantra Phone Holder",Design,failed,3,CA,41.73,3175.47
1013619184,"Arrow Up Outfitters",Fashion,failed,8,US,385,20000
1013630127,"Helping out a poor photographer (Canceled)",Photography,canceled,0,GB,0,782.01
1013632147,"Meemoes: no cost fix for global warming and the environment.",Technology,failed,2,AU,9.87,62819.71
101363482,"The Life Cube V2 at Burning Man",Art,successful,618,US,11513,10000
1013636471,"The Bond","Film & Video",successful,216,US,15095,10000
1013644321,"The Line Collection - Uncompromising Everyday Watches",Design,successful,254,GB,40782.97,19818.72
1013661120,"Bicycle Disc Brake Tab Attachment Fixture/jig",Technology,failed,6,CA,803.42,1998.56
101367606,"PURITY BOOKMARKS - Heavy Linen Edition | Minimalist design",Design,canceled,1,AT,14.82,7412.27
1013679672,"Bao-B-Q Mobile Food",Food,failed,9,US,290,4500
1013680688,"Exotic Custom Wooden Pens!",Crafts,successful,41,CA,2824.99,596.3
101368510,"EyeSpeak: Beyond Communication",Technology,successful,658,US,128181.89,115000
1013687062,"AEthermancy (Ã†thermancy)",Games,successful,83,US,5066.72,4750
1013687630,"Clash Fighter - Hyper Fast Real Time Fighting Game",Games,successful,54,US,9148,9000
1013688970,"Strawberry Pie",Food,failed,0,US,0,100
101369165,"Spitting Distance",Music,failed,2,US,44,2000
1013693136,"'Lunar Attraction' - Stop Motion Animated Short Film","Film & Video",failed,73,GB,23270.6,27719.6
10137007,"Saali & The Ravenhearts",Music,failed,20,CA,385.21,16264.34
1013702796,"Code Red Music",Music,failed,4,US,170,2000
1013704008,"GASHCAT: Our Van is a Thirsty One",Music,failed,15,US,744,2000
1013709829,"Everette Hartsoe's RAZOR: SCARS GRAPHIC NOVEL",Comics,successful,263,US,26759,999
1013715797,"Gretchen E. Henderson's The House Enters the Street",Publishing,successful,34,US,1540,1500
1013728452,"The Unconditional Album Project",Music,failed,6,US,1935,15000
1013741727,"Subtle Body Immersionâ„¢ - A Mixed Media Art Project",Art,failed,6,US,225,6000
1013752325,"WBSK-LP Basketball Radio",Technology,failed,1,US,10,17000
1013753996,"BlackBook4 Magazine",Photography,failed,0,US,0,20000
1013754926,"Come and "Get Some"! (Take Two)","Film & Video",successful,48,US,5171,5000
1013770585,"Solar Sound - A speaker powered by the sun",Technology,failed,3,DK,2.13,141.73
1013775582,"shoot the short: "un chismecito" or "a little gossip"","Film & Video",failed,50,US,6630,14000
1013780162,"Fiesta Equestria Friday and Saturday Night Concerts",Music,successful,49,US,11386,8000
1013783768,"Novlr. Novel writing. Simply.",Technology,failed,151,GB,14228.31,32068.24
1013804450,"Denim Gym & Martial Arts Bag",Fashion,failed,4,SG,172.36,14858.84
1013807369,"Colonel Drummer And The Jelly Bean That Lost Its Bounce",Publishing,failed,1,GB,31.36,3136.47
1013809635,"Yourwebcomics.com: an innovative webcomic community site.",Comics,failed,0,US,0,12000
1013812374,"Support a Project for the SonicLABS ((8)) Biennial",Art,failed,2,US,21,2000
1013820110,"The Art of Lighane",Art,successful,97,DE,4832.51,3341.99
1013854404,"SERENDIP Spring Season 2013 DANCE or BUST!",Dance,successful,22,US,1297,1000
1013856925,"A paperback on the importance of family.",Publishing,failed,1,US,1,7000
1013870132,"FIGHT LIKE A GIRL - Zolita's Next Music Video","Film & Video",failed,29,US,1141.24,5000
1013877535,"Po!nt Game Controller",Games,failed,13,NL,926.96,274249.11
101387763,"Vegan Athletes Book - Expert Tips, Interviews & More!",Food,failed,144,AU,4391.39,7202.54
1013885573,"The Penance of the Eagle","Film & Video",successful,65,US,15270.11,14800
1013893645,"Building My Own Art Studio",Art,failed,3,US,22,7000
1013919184,"Help fund the printing of Katharos: The Shattered World",Comics,successful,90,US,3077,3000
1013921884,Soulless,Comics,successful,76,GB,987.76,263.75
1013923047,"Spread the Spore! Fixing our Lab and Making a Workshop Space",Food,successful,130,US,25130,25000
1013923506,"FOREIGN KONCEPTS CARNIVAL. TAMPA . ORLANDO . MIAMI 2014",Art,canceled,0,US,0,4000
1013929917,"Tomorrow Jones",Comics,failed,49,US,759,3600
1013934649,"Continental Divide - a journey (Canceled)",Publishing,canceled,3,US,285,1000
1013935300,"NOISY LIGHTS part one, "CAPTAIN FEROCE" the Concept Album !",Music,failed,3,FR,2380.48,54849.82
1013937522,"Help fund The Pitchfork Disney @ The Nottingham New Theatre",Theater,successful,6,GB,161.16,159.57
101395214,"RESTORED MANSION ,   great food,   FANTASTIC LOCATION",Food,failed,0,US,0,55000
1013953058,"The 5 Day Workshirt-stink and stain resistant every day.",Design,canceled,201,US,14274,30000
101395376,"The House Beautiful",Theater,failed,1,GB,74.85,748.54
1013957162,"ELEPHBO: Made by redesigned Cambodian cement bags",Fashion,successful,206,CH,34883.55,20420.25
1013961121,"Dysfunctional (Relaunch)",Publishing,failed,0,US,0,75400
1013966241,"Princess Eze's Debut Release - "Light"",Music,failed,10,US,218,1000
1013970276,"Terror Interceptor Mobile Video Game",Games,failed,3,US,11,5000
1013977072,"Patter Fam Beef and Pork Rubs",Food,failed,44,US,1490,5000
1013987861,"Tumble Mural Grows in Brooklyn",Art,successful,102,US,6687,6500
1013999702,"This Is My Religion...The building of a lacrosse team.","Film & Video",failed,3,US,201,20000
1014012097,"Candy From Strangers... Why not?",Food,failed,10,US,210,937
1014022514,"Bonnie Lemon",Food,failed,0,US,0,100000
1014036836,"Join Our Journey:  Public Art School Community Project",Art,successful,11,US,300,300
1014042836,"RALLY KOOIZE",Design,failed,0,US,0,400
1014050357,"Fantasy Revealed: End of the Modern world E-Book Novel",Publishing,failed,1,US,25,800
1014062456,"1/10 custom RC charity project",Technology,failed,5,US,162,300
101407199,"Create Peace Projects Global Peace Exchange",Art,successful,79,US,6815,5000
1014077376,"Joseph in the Well's Debut EP - Indie String Pop",Music,undefined,0,"N,0"",7705,7500
1014087235,"Shaktea Kombucha & Jack's Real Root Beer",Food,failed,127,US,21135,30000
1014094330,"Water Dissolving Book - Letting Go with Let Go Paper",Publishing,undefined,0,"N,0"",49.89,2267.57
1014095503,"Blipper Bands - Safety wherever you go! - GPS Tracking Band",Technology,failed,34,US,5066,100000
1014100655,"Iron Butterflies & Ugly Fish",Publishing,undefined,0,"N,0"",10,5000
1014101413,"Comic Geeks - A Web Series","Film & Video",failed,127,US,7040,25000
1014108305,"The Empire Builders by Boris Vian",Theater,successful,19,US,1023,1000
1014110420,"Harvest Hut",Food,failed,1,AU,74.01,3700.69
1014116653,"Parasite Warz - A microscopic Real Time Strategy game",Games,failed,11,US,136,2000
1014123161,"Beginning Our First Business Right (Canceled)",Technology,canceled,0,US,0,800
1014124530,"The Museum Of Camp",Technology,failed,0,US,0,12500
1014125729,"iPinâ„¢: Laser Pointer + Wireless Presenter for iOS & Android",Technology,canceled,448,US,22064,50000
1014129451,"Love & Joy: An Orthodox Children's Calendar 2018",Publishing,successful,153,US,8131,5750
1014133501,"Painting dance",Art,successful,73,GB,5640.46,4387.57
1014139773,"Luvloo Table Decals",Design,failed,11,US,791,3000
1014164299,"Architecture Lobby presents San Precario Exhibition",Design,successful,46,US,2058,1500
1014171516,"Awesome 'Possum, Volume 2",Comics,successful,119,US,3870,3500
1014172784,"Adam Disaster Saga, you as a protagonist!",Publishing,failed,5,IT,65.21,5345.48
1014178502,"BHB PROJECT: Build Handmade Buffalo",Art,successful,115,US,3592,3500
1014185765,"A photographic journey into Arctic research and culture.",Journalism,canceled,27,US,1305,8000
1014187301,Tribs,Publishing,failed,2,US,50,20000
1014194961,"Copper Rose",Art,failed,1,US,20,1600
101419502,"Midland Center for the Arts Venus in Fur at AACTFest 2017",Theater,successful,62,US,3659,3500
1014195859,"100 Boomerangs - become a test pilot to help improve design",Design,canceled,3,GB,176.21,8009.74
1014205679,"All Rise: The Game With No Right Or Wrong Answers (Canceled)",Games,canceled,6,US,76,25000
1014224916,"Gomma Fashion: Laser Cut Accessories That Look Like A Tattoo",Fashion,successful,147,CA,7614.36,6327.97
1014227114,"Rise - The Quest for Physical Copies",Music,successful,206,CA,7869.22,2410.61
1014231912,"RETURN TO LOVE TOUR AND CD",Music,failed,0,US,0,20000
1014234027,"Full Frontal Nerdity DVD","Film & Video",successful,421,GB,20536.31,5490.02
1014234055,"Drawing pictures of cute animals doing awesome things.",Art,failed,2,US,10,100
1014239653,"Trumpet & Piano Chamber Music, Joe Foley & Bonnie Anderson",Music,successful,86,US,5364,5000
1014243202,"The Op Shop. A roving, experimental art program in Hyde Park, Chicago.",Art,successful,59,US,2970,2600
1014243887,"The girl, the bike and the dream (Canceled)","Film & Video",canceled,1,GB,15.11,7554.24
1014247407,"Launch a local independent author's teen novel (Canceled)",Publishing,canceled,1,CA,183.49,4587.16
1014247553,"A photoessay book about living well with bipolar disorder.",Publishing,successful,31,US,1495,1135
1014261525,"Delivery: A Short Film","Film & Video",successful,22,US,555,350
1014263473,"Big Wild World",Theater,successful,59,GB,3613.93,3047.15
1014270761,"Darth Bootleg",Art,successful,12,US,445,100
1014271818,"Artifice: A Smartphone View",Publishing,failed,17,US,1080,26000
1014272616,"Sports in slow motion","Film & Video",failed,22,US,861,6000
1014283380,"Coxman - Season 2","Film & Video",successful,97,US,16001,16000
1014293092,"Fully independent insurance comparison",Technology,failed,0,NL,0,10588.96
1014294013,"SolMate: A Smart and Beautiful Solar Powered iPhone Casing.",Design,canceled,137,US,17982,100000
1014300441,"ZED emergency",Technology,failed,4,AU,378.39,356303
1014310639,"Studio Time, First [EP] & Guitar Giveaway - James Dwyer",Music,failed,0,US,0,12000
1014315497,"Kickstart our Root Cellar. Feed our community!",Food,failed,173,US,13412,25000
101431778,"Left at House!",Games,failed,0,US,0,491
1014328412,""JESTER AT LARGE" off-Broadway with hoaxer Alan Abel",Theater,failed,1,US,26,100000
1014332091,"The Paul Polanski Project","Film & Video",failed,37,US,11191,50000
1014333611,"Take Me With You","Film & Video",successful,173,US,13330,11000
1014345968,"The Southside Strangler","Film & Video",failed,2,US,58,75000
1014346802,"Bears Brewing Co.",Food,failed,9,US,328,50000
1014356333,"Who Shit In My Cat",Games,failed,186,US,6503,31000
1014358539,"Sourceology: Love is Consciousness",Publishing,failed,1,US,40,20000
1014359222,"Iron Atrocity v.2",Music,successful,47,US,2514.83,2500
1014370148,"Clear Conscience + You = NEW ALBUM "Native Jane"",Music,failed,59,US,2139,6500
1014374717,"Patrick and Cris Make A Movie (and you get a copy)","Film & Video",failed,42,US,5558,50000
101437480,"[ours] Hyper-Localization of Sustainable Architecture",Publishing,successful,62,US,10311,10000
1014375612,"Zona's Icelandic Fiber Residency",Art,failed,7,US,330,5000
1014375793,"The Rough & Tumble",Comics,successful,259,US,11355.01,10000
1014376016,"Mobile App Application mobile So-ÃœDRIV sharing community",Technology,canceled,1,CA,15.03,15034.2
1014376113,"Green Thumb Juice - Juicing for Health - Reboot Approved!!!",Food,failed,15,CA,765.91,23494.03
1014382498,"MAGNETIC - A psychological sci-fi feature film","Film & Video",successful,262,US,10791.38,7200
1014386816,"GPS for ADHD",Technology,failed,5,US,180,75000
1014386872,""Las Aventuras de PasiÃ³n" Come On An Adventure With Me!",Music,failed,68,US,7381,10000
1014389764,"Design - Lichtschalter und Steckdosen fÃ¼r FuÃŸballfans",Design,failed,4,DE,94.76,11280.95
1014390208,"The Willamette Valley Story","Film & Video",failed,0,US,0,1000
1014397131,"Big trouble in My little World EP",Music,failed,0,US,0,450
1014411511,"DriftKit- travel lightly",Design,failed,64,US,4912,30000
1014422659,"Nathanial Tarrant's Debut Album",Music,failed,6,AU,210.71,14047.57
1014428469,"Asain Carp to Hydroponic Fertilizer / Animal Feed Supplement",Technology,failed,0,US,0,190000
1014457718,"Musik i Film",Music,successful,32,SE,924.5,113.16
1014458284,"Music from Saharan Cellphones Volume 2 LP",Music,successful,267,US,4390.21,4000
101446102,"Wake Me When It's Over",Publishing,successful,78,US,5686,5000
1014481653,"Turn to the Earth: contemplations of beauty",Photography,failed,6,US,86,200
1014481975,"a Shot for Adventure","Film & Video",failed,9,US,125,6000
1014484600,"The Bike House coop 'zine",Publishing,successful,25,US,1027,700
1014499773,"Fist of Jesus' "Once Upon a Time in Jerusalem" (Canceled)","Film & Video",canceled,383,US,28066.51,150000
1014499981,"Hornhautentferner aus Ton",Crafts,failed,3,DE,28.53,316.95
1014502066,"Baba Banda Singh Bahadur-The Game",Games,failed,0,AU,0,94119.42
1014504468,"Supersonic Festival 2015",Music,successful,256,GB,31518.28,29706.21
1014505870,"Mt Rainier Sculpted Collectible Home Decor",Art,failed,2,US,6,14770
1014518705,"Eduin and the Golden Scepter of the Incas","Film & Video",failed,104,US,28026,39000
1014523997,"PlayOn (Suspended)",Music,suspended,0,US,0,20000
101453305,"HOLOS - Symbol for One Humanity",Art,failed,52,US,5391,50000
101453314,"Social Media Ruined My Life; A Short Film from Adam S Curtis","Film & Video",successful,42,US,3035,3000
101453652,""The Naked Pixel" Fine Art Nudes collection. 3rd addition",Photography,failed,8,US,125,300
1014569071,"Search For Love Lost","Film & Video",failed,1,US,25,25000
1014577403,"Rock Paper Books - 30 artists reimagining the classics",Publishing,successful,395,US,25855,20000
1014585959,"2VIDA LAUNCH - TURNING PASSIONATE ART DREAMS IN2 A LIFESTYLE",Art,failed,0,US,0,5000
1014610497,"THE HUNT FOR A  WITCH WITH LYME DISEASE",Journalism,failed,8,US,86,3000
1014610768,"Of Gods and Men #1",Comics,successful,77,US,3584,3500
1014620304,"3E - Be the Chooser of your own Adventurous Path",Comics,failed,43,CA,2221.4,8275.1
1014632933,"Dungeonmans: The Heroic Adventure Roguelike",Games,successful,1468,US,43155.01,35000
1014638056,"The Second Annual Women Sports Film Festival","Film & Video",successful,389,US,27080,25000
1014638860,"Drag Seeker - Showcasing The Art of Drag",Photography,successful,113,US,6856,6800
101466029,"MITCH Collective Printing Press",Art,successful,85,US,3801,3000
1014671117,"Chinese Zodiac (Constellation) Enamel Pin Series #2",Art,successful,132,US,5192,906
1014677242,"STOPPING DOMINOES - A NOVEL",Publishing,failed,0,US,0,8000
1014680652,"Stories of the Maine Somali",Photography,failed,7,US,394,5400
1014685231,""Interlude" - A Hanafuda Card Deck by Kelly McKernan",Games,successful,529,US,26126,18500
1014686065,"Publish Poor Millionaires by Nathan Roberts & Michael Kimpur",Publishing,successful,75,US,5294,5000
1014692209,"Orin Acute Universal Joint And Inot Ball Lock",Technology,failed,5,CA,66.1,826.24
1014694874,"( BullyTube )",Journalism,failed,1,US,10,50000
1014696126,"Paradise University Season 5","Film & Video",successful,3,US,890,10
1014702475,"Dead Film Society","Film & Video",failed,30,US,1820.5,18000
1014708315,"CREME DE LA CREME the artisan jam born at the Farmers Market",Food,successful,33,US,5209,5000
1014721567,"CySec - Alliance Website",Technology,failed,1,DE,1.11,221.92
1014722794,"Audio Killer (Canceled)","Film & Video",canceled,0,US,0,250000
101472383,"ArtPrize 2014 - Gun Lake",Art,failed,0,US,0,800
1014726603,"Mr. Babes Needs A New Studio (& Maybe Even A Showroom)",Art,failed,0,US,0,4000
1014738284,"EMBER wear Ski and Snow Sport Heated Gloves and Mittens",Technology,failed,23,GB,3654.71,28664.38
1014739191,"Wind - A Short Film","Film & Video",successful,10,US,629,600
1014746686,"Salt of the Earth: A Dead Sea Movie (Canceled)","Film & Video",canceled,0,US,0,5000
1014750154,"SPEKTRA...A NEW ADVENTURE NOVEL",Publishing,failed,16,US,900,3000
1014756598,"LIVING COLOR - A Black and White, Silent Film","Film & Video",failed,5,US,635,6500
1014767016,"Pasta Flyer:Traditional Italian,Japanese Style(Gluten Free!)",Food,successful,450,US,89300.22,85000
1014776957,"Go for Gold! - An exhibition about the 2012 Olympic Games",Art,successful,22,US,2075,2000
1014781470,"B.Bold B.Happy B.Small  - New Record Project",Music,successful,86,US,13065.66,13000
1014793723,"The Patricia Hope Story","Film & Video",failed,2,US,150,200000
1014800259,"GORE VIDAL: The United States of Amnesia","Film & Video",successful,82,US,30123,30000
1014806881,"ArtesanÃ­as a mano Elizabet medina",Crafts,failed,0,MX,0,30.41
1014812399,"Emily Branton "There Is A Season"",Music,failed,11,US,437,5000
1014813411,"YUMMA WEAR BY INTEGRESS INDUSTRIES INC. - ATHLETICA APPAREL",Fashion,live,1,CA,39.94,159757.17
1014819105,"Grandma Mabel's Chocolate Candy Kit",Food,failed,47,CA,2849.6,30812.34
1014826692,"Sativinia Larp",Games,failed,1,GB,68.52,1027.81
1014836520,"Dexmo: an exoskeleton for you to touch the digital world",Technology,canceled,368,US,55165,200000
101483724,"The Advent Storybook",Publishing,live,85,US,7554,18500
1014847992,"Marines Vigil",Publishing,failed,6,US,270,25000
1014853432,"Clip Calendar - Nature of the Shetland Islands",Photography,successful,42,GB,1703.06,1524.67
1014860443,"Highways Idaho","Film & Video",failed,0,US,0,250
1014865233,"Midlands Movies Awards Event 2018","Film & Video",successful,40,GB,1384.57,1318.63
1014872232,LENOX,Theater,failed,8,US,126,2000
101487250,"Ember: the Magical Card Game",Games,successful,276,GB,8129.24,7037.69
1014876025,"Cut Throat Freak Show in Edinburgh for the Fringe Festival!",Theater,successful,11,US,660,300
1014876408,"Paperless Daily Operations & Jumpstart App/Portal",Technology,failed,0,US,0,100000
1014878737,"Lantern Kite - Safer Sky Lanterns",Design,failed,15,US,545,2000
101487901,"The Productive",Art,successful,94,US,10601,10000
1014879549,"Election Rally - it's your turn to say your word (Canceled)",Games,canceled,0,GB,0,3316.47
1014882047,BLACKOUT,Theater,successful,59,US,4135,2000
1014883524,"Kim Jordan: Uncommon",Music,failed,45,US,3926,17000
1014885129,"FROM THE GROUND UP",Music,successful,257,US,16231.22,15000
1014890448,"Commodore Inn Sign Restoration Project",Art,failed,34,US,1487,6000
1014891898,"One (The Godslayer Cycle Volume 1) Trade Paperback",Publishing,failed,1,US,10,5000
1014894092,"Cubs: an Original Work",Theater,successful,19,US,875,800
1014904934,"Laptop Mobile Game Console.",Games,failed,0,US,0,10000
101490755,"Snowbroken (Canceled)",Games,canceled,21,CA,438.2,5104.44
1014911259,"Uncorrupted Smut",Art,successful,20,US,773,500
1014911572,"NIKKA - Your Digital Strongbox for Smart Security",Technology,failed,9,GB,1971.4,47087.63
1014923965,"5 Ate 6 Productions","Film & Video",undefined,0,"N,0"",426,2000
1014927478,"Fate of Persephone",Games,failed,8,US,209,1000
1014928963,"Con QuiÃ©n Andas - A Short Film","Film & Video",successful,46,US,4575.02,4500
1014934150,CYCLOPS,Theater,successful,80,US,5177,5000
1014937664,"Hummingbirds 2015 Calendar",Photography,successful,8,US,201,200
1014950961,Window,"Film & Video",failed,16,US,2270,13000
1014951236,""Balloon Man" Film","Film & Video",failed,5,US,64,100000
101495807,"Anime, manga, cosplay, costumes, LARPing, event center etc!","Film & Video",failed,0,US,0,20000
1014960767,"The Hidden Treasure of New York. A photography art book",Photography,failed,1,US,1,15000
1014962865,"Bring The Big Cheese to the Playa",Art,successful,11,US,1113,1000
101497047,"Vindication: (May You live in) Interesting Times",Comics,successful,79,US,3200,3000
101497198,"Make-it-Yourself Sketching Lucida. Learn to Draw (Canceled)",Design,canceled,16,CA,723.82,18095.45
1014979928,""Time, Served" - a portraiture exhibition.",Photography,canceled,5,GB,93.34,2629.16
1014980169,"Just Cool Me (Canceled)",Technology,canceled,0,US,0,25000
1014982951,"Freedom Through Art | Drawings That Inspire",Art,live,4,US,65,300
1014983448,""Dancing With The Man In The Moon"",Music,failed,5,US,350,1000
101498404,"THE BROKEN ROBOTS NEXT ALBUM, "THE ORBIT OF NIBIRU"",Music,failed,3,US,60,1500
1014989482,"ILLUMINATION BLUEMINATTI","Film & Video",failed,0,US,0,20000
1014993943,"Nevermind: Biofeedback Horror Game",Games,successful,1526,US,76525.55,75000
1015003252,"Theoâ€™s Grievance","Film & Video",successful,18,US,1600,1550
1015003938,"A Far Off Land, A Fate RPG in Two Worlds",Games,successful,185,US,4641,4000
1015005872,"Little Free Libraries, Staunton VA",Crafts,successful,36,US,375,260
1015006738,""Juke Your Mind" 2012 Mixed Media Exhibit",Art,failed,2,US,13,10000
1015006792,"Anime Resurrection creates Phoenix Risen manga",Comics,failed,3,US,25,30000
1015011611,"PROJECT CANCLED (Canceled)",Art,canceled,0,US,0,2000
1015013202,"Corporate Speak: An illustrated, humorous book of phrases",Publishing,failed,2,US,20,8500
1015024630,"Garden@Home â€“ The new concept for urban gardening",Design,failed,13,CA,645.08,99309.15
1015024764,"Solomon Douglas plays at Lindy Dojo, Boston",Music,successful,27,US,400,250
1015025388,"Gypsy Trails Gallery",Art,failed,89,US,7332,30000
1015025522,"The Pen from Space - INFINITY",Design,successful,437,GB,35707.14,14492.12
1015025906,"The Realize The Dream Project! A NEW EP and my first TOUR!",Music,successful,267,US,11415.44,11000
1015028279,"Streetmatic: The Ultimate Driving Watch by Blacklist",Design,canceled,72,US,38129,99000
1015030205,""Steam Roller" Portland's Steamed Cheeseburgers go mobile!",Food,failed,20,US,760,5000
1015032515,"Confederate Flag Memorial (Suspended)",Design,suspended,3,US,31,100000
1015032604,"A Peacock Among Pigeons",Publishing,successful,102,US,7775,5000
101503406,"Help  to finish Junkyard Skatepark",Design,successful,61,GB,3399.87,3193.87
1015036065,"Help the Heligoats hit the road",Music,successful,119,US,6331,4500
1015036742,"Launch the Gudger Hot Shop: Bring Hot Glass back to the Whit",Art,successful,85,US,10848.66,10362
1015045443,"Support Nadine's Musical Venture",Music,undefined,0,"N,0"",2101,2100
1015059619,"Pommello Sweats â€“ Athletic Wear that Elevates Performance",Design,canceled,30,CA,3299.31,7790.59
1015061699,"Building The Ultimate Drum Studio",Music,successful,136,US,30828,30000
1015065192,"Put Pi in the Sky!","Film & Video",failed,8,US,250,15000
1015071175,"Thermal Safe",Design,failed,8,US,665,2000000
1015071296,"Matrix Effects",Theater,failed,11,GB,608.17,154750.85
1015075727,"mariachi madness","Film & Video",successful,74,US,4367,4250
1015084722,"Bear In Mind's Debut EP!",Music,failed,0,GB,0,8560.03
1015092284,"THEY DANCE FULL FEATURE FILM","Film & Video",failed,3,US,43,20000
1015096971,""Well-Done, The Wellness Manifesto"",Publishing,failed,54,US,4111,26000
1015100088,"Mobile Irish Poker",Technology,failed,2,US,30,10000
1015105577,"Kensa | The Hexagonal Brass Pen, Adaptable to You.",Design,successful,216,GB,14947.72,3164.88
1015111904,""Cathy's second chance", a book worth reading",Publishing,failed,2,US,40,1500
1015113084,"(Un)spoiled - SUPPORT A DOCUMENTARY FILM ON THE FIGHT FOR MONGOLIA'S NATURAL WEALTH!","Film & Video",successful,88,US,7122,6000
1015126877,"THE JESTER FROM TRANSYLVANIA","Film & Video",failed,5,DE,484.07,38948.18
1015127032,"Backpage Shawty - Episode 3 (Drama Series)","Film & Video",failed,1,US,1,100
1015144447,"Young Up And Coming Country Band "Six String Crossing"!",Music,failed,2,US,75,5000
1015145283,"Toasteroid- First APP Controlled Smart Image Toaster",Design,successful,1967,US,187849,150000
1015145331,"Screen Printing Lodge - Business & Apparel",Art,failed,9,US,391,40000
1015164698,"Handcrafted Vintage Jewelry",Fashion,failed,0,US,0,2000
1015171688,"Sea + Air Backpack | Timeless Design Meets Durability",Fashion,canceled,20,US,2312.5,10000
1015178174,"Blackdot Co.    The New Age Renaissance",Fashion,failed,0,US,0,50000
1015180373,"Double Ought 7 Liberty Memorial Project",Photography,failed,1,US,25,6000
1015184031,"Days Of Dinosaurs: Debut Album",Music,successful,54,DK,2232.81,1969.48
1015190919,"Educational Film on Child Marriage","Film & Video",failed,2,US,11,891000
1015200374,"WIFE presents "Abaddon"",Dance,successful,63,US,2287,1500
1015202050,"Theater for the New South Production of WOYZECK",Theater,successful,20,US,794.58,500
1015202552,"Kill The Artist Hype The Trash",Music,successful,66,US,4320,3500
101520644,"The Taste Of Revenge. Western Feature Film","Film & Video",failed,15,GB,3379.96,281394.03
1015210528,"A Work of Art - Short,  indie horror film","Film & Video",failed,0,GB,0,454.57
1015211590,"Colorpoker with dice to 4-99 years",Games,failed,0,ES,0,1128.4
1015213950,"Meowberus Plush",Crafts,failed,14,US,467,3000
1015214555,PitBoss,Food,failed,1,GB,1.44,14377.94
1015216303,"Support the Cockasian Food Truck",Food,failed,14,US,501,5000
1015224683,"MONUMENTAL NEW BREAKTHROUGHS IN SCIENCE",Publishing,failed,8,AU,916.18,51053.56
1015224726,"High School Garage Band Reunion Documentary Film","Film & Video",failed,0,US,0,15000
1015226607,"Make a Record With The Tyler Justin Band",Music,failed,16,US,1730,8500
1015237778,"Potato Salad 2",Food,failed,0,US,0,9
101524232,"Plus1 Sportswear",Fashion,failed,5,US,1370,42600
101525189,""Sky" Join us and let's kick off the series first pilot!","Film & Video",successful,39,US,2945,2500
1015257822,"Farmer Freddy",Food,failed,1,US,1,30000
1015258682,"Tenor Guitars Swing! Let's make a CD.",Music,successful,43,US,3224,2000
101526142,"National Film Orchestra",Theater,failed,1,GB,37.59,45102.61
1015272190,"Fiber Optic Athletic Gear: Revolutionizing Sports and Safety",Design,successful,444,US,29041,18223
1015274683,"Kids Make Life Cool Clothes",Fashion,failed,1,US,5,2000
101527535,"Worship Music/ MÃºsica para Adorar",Music,failed,1,US,1,5000
1015284117,"Bad Dreams: Volume 1",Comics,failed,95,US,4283,15000
1015300589,"Fallen Angel",Publishing,canceled,0,US,0,25000
1015308485,"Olivia's solo EP",Music,failed,2,US,50,2800
10153096,"The Life in Aggro T-Shirt and Hoodie Print Project",Comics,successful,68,US,5566.23,4000
1015317165,"The Four Positions of the Holy Spirit",Publishing,failed,1,US,250,6000
1015335110,"The Legend of Joan of Arc - A Classics in MiniatureÂ® Film","Film & Video",failed,41,US,12225,15000
1015339630,"take it away from me (Photo Book)",Photography,failed,2,US,150,1400
101534073,"Shop Pockets Utility Tool Vest - Change the way you work!",Technology,failed,6,US,806,50000
1015341816,"Afraid of Dark","Film & Video",successful,198,US,16276,15000
1015351174,"The Rovr Vest: A New Layer for Travel and Commute",Design,canceled,61,US,3426,8000
1015354341,"Unimportant Conversations",Comics,failed,9,US,136,1000
1015357412,"The Ho Truth","Film & Video",failed,19,US,255.5,18000
1015357640,"LITTLE DICK","Film & Video",failed,3,US,75,2500
1015362799,"LeCuir - Custom leather ipad/sling bag, iphone case & wallet",Design,canceled,26,US,2449,6000
1015365700,"VW "Cult Generation" poster. Fantastic original drawings.",Design,failed,1,DE,32.53,280.47
1015372493,"Ego Trip project on DunaPart showcase",Dance,successful,36,NL,1935.2,1506.44
1015375165,"THE PENGUIN COUNTERS Documentary Film","Film & Video",successful,351,US,55223,50000
1015381354,"Krimson Titan Customs: Project Onyx (Canceled)",Technology,canceled,0,US,0,1200
1015385304,"Make Me The Most Epic Adventurer of All Time (Show)","Film & Video",failed,1,US,1,50000
1015391940,"Whose Serengeti?","Film & Video",successful,63,US,6510,6500
1015409774,"SpinBlock Table Tennis Center",Games,live,30,US,2445,15000
1015413468,"The Patch Whisky Project",Art,successful,66,US,4570.06,3900
1015417252,"IF Anthology: CRIME published by Alterna Comics",Comics,successful,161,US,4208,1000
1015427142,"Making a difference one step at a time by upcycling!",Fashion,failed,5,US,90,5000
1015427647,"Seeding A "Netcast"","Film & Video",failed,0,US,0,40000
1015429625,"Waterless Glass Aquariums with 3D Printed Ocean Atmosphere",Technology,failed,2,US,2,75000
1015431039,"Thirsting Sinner: Thirsty for Truth Hungry for Righteousness",Publishing,failed,0,US,0,5000
1015437901,"Help Sebastian Plano release TWO NEW Albums !",Music,successful,244,US,10412,10000
1015442322,"Warner Robins Little Theatre Presents "That Darn Plot"",Theater,failed,11,US,610,2500
1015448692,"Asteroid Artbook",Art,successful,383,ES,18964.42,8520.02
1015459707,"My book is titled" Daycare's Dirty Little Secrets"",Publishing,failed,6,US,200,1500
1015466274,Genesis,"Film & Video",failed,0,IT,0,5568982.99
1015471596,"Out Of Line Drawings",Art,canceled,0,NO,0,1206.81
1015474687,"Long Road","Film & Video",failed,7,US,230,2200
10154884,"HALLE WANTS A JILT, FOR THE SECOND TIME",Music,successful,98,US,8792,8000
1015500034,"University thesis on social innovation (app creation)",Technology,failed,27,IT,165.64,4507.19
101550119,"The Boy From Granite Falls book series",Publishing,failed,1,US,150,5000
1015511629,"Regressia:album of Ukraine singer where Opera meets the Rock",Music,failed,5,GB,104.4,1657.19
